Machine Speed,Machine Efficiency,Machine Quality,Machine Yield,Machine Energy Consumption
210,330,54.5,0.00111,150
212,632.5,46,0.00117,355
212,655,87.5,0.000515,305
206.5,1575,38,0.00026,483
206.5,360,111.5,0.00089,190
187.5,1825,80,0.00071,532.5
210,1930,21,0.00002055,771
593,4405,14.05,0.00135,1250
212.5,1655,120,0.00113,448.5
